desiredholes, actualholes, successrate
0, 0, 0
1, 1, 1.22
2, 2, 2.28
3, 4, 5.59
6, 6, 8.16
8, 9, 12.59
11, 12, 16.04
15, 16, 21.43
18, 20, 26.0
24, 25, 32.06
26, 30, 37.63
36, 36, 43.46
37, 42, 50.22
49, 48, 57.5
50, 56, 64.13333333333334
63, 63, 70.13333333333334
66, 72, 81.0
78, 80, 83.56666666666666
85, 90, 90.3
95, 99, 93.6
105, 110, 94.13333333333334
114, 120, 96.9
129, 132, 97.46666666666667
135, 143, 98.96666666666667
154, 156, 99.0
157, 168, 100.0
