desiredholes, actualholes, successrate
0, 0, 0
1, 1, 2.7
2, 2, 5.96
3, 4, 11.41
6, 6, 15.94
8, 9, 23.87
11, 12, 31.57
15, 16, 42.4
18, 20, 51.72
24, 25, 61.27
26, 30, 70.49
36, 36, 76.26
37, 42, 85.12
49, 48, 90.6
50, 56, 94.46666666666667
63, 63, 98.56666666666666
66, 72, 99.36666666666666
78, 80, 100.0
