desiredholes, actualholes, successrate
0, 0, 0
1, 1, 3.2
4, 4, 12.31
7, 7, 19.66
10, 10, 28.03
13, 13, 34.32
16, 16, 41.9
19, 19, 49.26
22, 22, 54.01
25, 25, 60.21
28, 28, 63.64
31, 31, 67.5
41, 41, 79.56666666666666
51, 51, 86.93333333333334
61, 61, 92.46666666666667
71, 71, 95.26666666666667
81, 81, 97.36666666666666
91, 91, 98.36666666666666
101, 101, 99.16666666666667
111, 111, 99.76666666666667
121, 121, 99.76666666666667
131, 131, 99.86666666666666
141, 141, 100.0
