desiredholes, actualholes, successrate
0, 0, 0
1, 1, 1.14
2, 2, 2.63
4, 4, 5.35
5, 6, 8.05
9, 12, 16.19
16, 15, 19.68
17, 20, 27.38
24, 24, 31.18
26, 30, 38.11
34, 35, 42.16
39, 42, 49.48
45, 48, 56.266666666666666
53, 56, 66.43333333333334
59, 63, 73.33333333333333
70, 72, 83.9
74, 80, 89.16666666666667
89, 90, 99.8
91, 99, 99.56666666666666
109, 108, 99.5
110, 120, 100.0
