desiredholes, actualholes, successrate
0, 0, 0
1, 1, 1.45
2, 2, 2.52
4, 4, 5.97
5, 6, 8.15
9, 12, 16.54
16, 15, 20.53
17, 20, 26.19
24, 24, 30.23
26, 30, 37.89
34, 35, 42.65
39, 42, 49.78
45, 48, 57.3
53, 56, 64.86666666666666
59, 63, 73.56666666666666
70, 72, 83.6
74, 80, 89.16666666666667
89, 90, 99.53333333333333
91, 99, 99.43333333333334
109, 108, 99.63333333333334
110, 120, 100.0
