desiredholes, actualholes, successrate
0, 0, 0
1, 1, 2.88
2, 2, 6.12
4, 4, 11.72
5, 6, 15.7
9, 12, 28.66
16, 15, 35.29
17, 20, 48.1
24, 24, 58.09
26, 30, 67.17
34, 35, 77.61
39, 42, 82.06
45, 48, 89.46666666666667
53, 56, 91.86666666666666
59, 63, 96.63333333333334
70, 72, 98.2
74, 80, 100.0
