desiredholes, actualholes, successrate
0, 0, 0
1, 1, 3.13
2, 2, 5.84
3, 4, 11.71
6, 6, 15.66
8, 9, 23.99
11, 12, 32.0
15, 16, 40.84
18, 20, 50.32
24, 25, 58.52
26, 30, 68.25
36, 36, 75.61
37, 42, 81.84
49, 48, 89.86666666666666
50, 56, 92.16666666666667
63, 63, 97.23333333333333
66, 72, 98.63333333333334
78, 80, 99.8
85, 90, 99.76666666666667
95, 99, 99.96666666666667
105, 110, 99.96666666666667
114, 120, 100.0
