desiredholes, actualholes, successrate
0, 0, 0
1, 1, 1.48
2, 2, 2.82
4, 4, 5.24
5, 6, 8.23
9, 12, 16.26
16, 15, 20.57
17, 20, 26.63
24, 24, 31.73
26, 30, 38.35
34, 35, 43.44
39, 42, 51.05
45, 48, 56.7
53, 56, 66.3
59, 63, 73.6
70, 72, 85.4
74, 80, 92.93333333333334
89, 90, 94.36666666666666
91, 99, 100.0
