desiredholes, actualholes, successrate
0, 0, 0
1, 1, 2.74
2, 2, 6.0
4, 4, 11.96
5, 6, 16.82
9, 12, 30.07
16, 15, 37.16
17, 20, 47.72
24, 24, 56.83
26, 30, 66.79
34, 35, 74.28
39, 42, 82.01
45, 48, 87.2
53, 56, 93.53333333333333
59, 63, 96.2
70, 72, 99.86666666666666
74, 80, 99.96666666666667
89, 90, 100.0
