desiredholes, actualholes, successrate
0, 0, 0
1, 1, 1.53
2, 2, 2.73
3, 4, 5.54
6, 6, 8.01
8, 9, 12.4
11, 12, 15.58
15, 16, 21.34
18, 20, 27.36
24, 25, 32.37
26, 30, 38.54
36, 36, 44.39
37, 42, 50.37
49, 48, 55.96666666666667
50, 56, 65.66666666666667
63, 63, 70.66666666666667
66, 72, 76.9
78, 80, 83.03333333333333
85, 90, 86.53333333333333
95, 99, 92.03333333333333
105, 110, 95.83333333333333
114, 120, 97.23333333333333
129, 132, 100.0
