desiredholes, actualholes, successrate
0, 0, 0
1, 1, 1.49
2, 2, 2.82
4, 4, 5.6
5, 6, 8.27
9, 12, 16.9
16, 15, 20.32
17, 20, 26.08
24, 24, 32.49
26, 30, 38.13
34, 35, 43.08
39, 42, 52.25
45, 48, 57.333333333333336
53, 56, 67.23333333333333
59, 63, 76.66666666666667
70, 72, 76.1
74, 80, 83.6
89, 90, 85.1
91, 99, 93.4
109, 108, 100.0
