desiredholes, actualholes, successrate
0, 0, 0
1, 1, 2.88
4, 4, 11.89
7, 7, 19.71
10, 10, 27.78
13, 13, 35.63
16, 16, 42.81
19, 19, 49.2
22, 22, 55.22
25, 25, 59.39
28, 28, 64.14
31, 31, 69.21
41, 41, 80.66666666666667
51, 51, 87.56666666666666
61, 61, 91.46666666666667
71, 71, 96.86666666666666
81, 81, 97.1
91, 91, 98.66666666666667
101, 101, 99.23333333333333
111, 111, 99.6
121, 121, 99.7
131, 131, 100.0
