desiredholes, actualholes, successrate
0, 0, 0
1, 1, 2.94
2, 2, 6.0
4, 4, 12.45
5, 6, 16.84
9, 12, 31.41
16, 15, 37.66
17, 20, 47.58
24, 24, 56.89
26, 30, 68.39
34, 35, 74.94
39, 42, 86.58
45, 48, 89.8
53, 56, 98.73333333333333
59, 63, 98.93333333333334
70, 72, 100.0
