desiredholes, actualholes, successrate
0, 0, 0
1, 1, 2.84
2, 2, 5.95
3, 4, 11.82
6, 6, 18.25
8, 9, 24.81
11, 12, 32.69
15, 16, 41.61
18, 20, 50.18
24, 25, 58.48
26, 30, 66.76
36, 36, 76.05
37, 42, 81.49
49, 48, 87.33333333333333
50, 56, 92.7
63, 63, 95.36666666666666
66, 72, 97.96666666666667
78, 80, 99.06666666666666
85, 90, 99.73333333333333
95, 99, 99.8
105, 110, 100.0
