desiredholes, actualholes, successrate
0, 0, 0
1, 1, 3.16
4, 4, 11.21
7, 7, 19.61
10, 10, 28.39
13, 13, 34.61
16, 16, 41.53
19, 19, 48.82
22, 22, 54.03
25, 25, 59.01
28, 28, 64.5
31, 31, 68.24
41, 41, 80.06666666666666
51, 51, 86.73333333333333
61, 61, 92.56666666666666
71, 71, 96.43333333333334
81, 81, 97.66666666666667
91, 91, 98.4
101, 101, 99.33333333333333
111, 111, 99.53333333333333
121, 121, 99.83333333333333
131, 131, 99.93333333333334
141, 141, 99.93333333333334
151, 151, 100.0
