desiredholes, actualholes, successrate
0, 0, 0
1, 1, 2.95
2, 2, 5.63
3, 4, 12.25
6, 6, 17.01
8, 9, 25.56
11, 12, 33.05
15, 16, 41.05
18, 20, 50.19
24, 25, 59.55
26, 30, 69.94
36, 36, 81.65
37, 42, 87.25
49, 48, 91.73333333333333
50, 56, 95.33333333333333
63, 63, 97.9
66, 72, 98.83333333333333
78, 80, 100.0
