desiredholes, actualholes, successrate
0, 0, 0
1, 1, 2.78
2, 2, 5.61
3, 4, 11.34
6, 6, 17.47
8, 9, 26.15
11, 12, 31.59
15, 16, 40.09
18, 20, 48.89
24, 25, 59.07
26, 30, 67.55
36, 36, 77.38
37, 42, 83.81
49, 48, 88.63333333333334
50, 56, 93.26666666666667
63, 63, 96.43333333333334
66, 72, 97.9
78, 80, 99.0
85, 90, 99.66666666666667
95, 99, 99.83333333333333
105, 110, 99.93333333333334
114, 120, 100.0
