desiredholes, actualholes, successrate
0, 0, 0
1, 1, 3.04
4, 4, 11.48
7, 7, 19.72
10, 10, 27.69
13, 13, 34.8
16, 16, 42.68
19, 19, 48.22
22, 22, 54.55
25, 25, 58.51
28, 28, 63.89
31, 31, 68.7
41, 41, 80.7
51, 51, 86.63333333333334
61, 61, 93.03333333333333
71, 71, 97.1
81, 81, 98.23333333333333
91, 91, 98.9
101, 101, 99.46666666666667
111, 111, 99.66666666666667
121, 121, 99.83333333333333
131, 131, 99.96666666666667
141, 141, 100.0
