desiredholes, actualholes, successrate
0, 0, 0
1, 1, 2.94
2, 2, 6.05
3, 4, 11.59
6, 6, 17.43
8, 9, 25.61
11, 12, 32.48
15, 16, 40.68
18, 20, 48.41
24, 25, 58.13
26, 30, 67.1
36, 36, 76.02
37, 42, 83.46
49, 48, 89.26666666666667
50, 56, 94.0
63, 63, 96.23333333333333
66, 72, 98.46666666666667
78, 80, 99.13333333333334
85, 90, 99.7
95, 99, 99.93333333333334
105, 110, 99.96666666666667
114, 120, 100.0
