desiredholes, actualholes, successrate
0, 0, 0
1, 1, 2.88
4, 4, 11.25
7, 7, 19.48
10, 10, 27.45
13, 13, 35.22
16, 16, 41.13
19, 19, 48.01
22, 22, 54.48
25, 25, 58.39
28, 28, 64.34
31, 31, 69.31
41, 41, 80.13333333333334
51, 51, 87.53333333333333
61, 61, 92.8
71, 71, 97.13333333333334
81, 81, 98.06666666666666
91, 91, 98.6
101, 101, 99.53333333333333
111, 111, 99.56666666666666
121, 121, 99.76666666666667
131, 131, 99.96666666666667
141, 141, 100.0
