desiredholes, actualholes, successrate
0, 0, 0
1, 1, 1.39
2, 2, 2.78
4, 4, 5.51
5, 6, 8.77
9, 12, 16.12
16, 15, 20.97
17, 20, 26.05
24, 24, 30.88
26, 30, 39.0
34, 35, 45.31
39, 42, 50.3
45, 48, 55.766666666666666
53, 56, 55.96666666666667
59, 63, 63.1
70, 72, 61.4
74, 80, 69.83333333333333
89, 90, 69.03333333333333
91, 99, 77.6
109, 108, 81.4
110, 120, 82.06666666666666
130, 130, 89.13333333333334
134, 143, 88.93333333333334
152, 154, 95.1
160, 168, 94.76666666666667
175, 180, 100.0
