desiredholes, actualholes, successrate
0, 0, 0
1, 1, 1.6
2, 2, 2.43
3, 4, 5.57
6, 6, 8.57
8, 9, 12.57
11, 12, 15.59
15, 16, 21.09
18, 20, 25.84
24, 25, 32.64
26, 30, 38.3
36, 36, 46.6
37, 42, 53.48
49, 48, 58.6
50, 56, 65.73333333333333
63, 63, 69.63333333333334
66, 72, 75.66666666666667
78, 80, 80.93333333333334
85, 90, 87.0
95, 99, 89.93333333333334
105, 110, 93.16666666666667
114, 120, 95.43333333333334
129, 132, 98.0
135, 143, 98.96666666666667
154, 156, 100.0
