desiredholes, actualholes, successrate
0, 0, 0
1, 1, 2.8
2, 2, 6.13
3, 4, 11.92
6, 6, 17.49
8, 9, 24.77
11, 12, 33.19
15, 16, 40.84
18, 20, 49.28
24, 25, 59.73
26, 30, 69.58
36, 36, 78.36
37, 42, 89.42
49, 48, 92.26666666666667
50, 56, 95.26666666666667
63, 63, 97.53333333333333
66, 72, 98.53333333333333
78, 80, 99.26666666666667
85, 90, 100.0
