desiredholes, actualholes, successrate
0, 0, 0
1, 1, 2.85
4, 4, 11.39
7, 7, 19.01
10, 10, 27.7
13, 13, 34.06
16, 16, 41.78
19, 19, 47.5
22, 22, 54.26
25, 25, 58.66
28, 28, 64.13
31, 31, 68.67
41, 41, 79.7
51, 51, 87.1
61, 61, 92.46666666666667
71, 71, 96.86666666666666
81, 81, 98.2
91, 91, 98.5
101, 101, 99.23333333333333
111, 111, 99.73333333333333
121, 121, 99.8
131, 131, 99.83333333333333
141, 141, 99.96666666666667
151, 151, 100.0
