desiredholes, actualholes, successrate
0, 0, 0
1, 1, 2.98
2, 2, 6.03
3, 4, 11.18
6, 6, 17.32
8, 9, 25.47
11, 12, 31.84
15, 16, 40.65
18, 20, 48.95
24, 25, 58.54
26, 30, 67.07
36, 36, 76.78
37, 42, 83.52
49, 48, 88.73333333333333
50, 56, 93.96666666666667
63, 63, 96.26666666666667
66, 72, 98.16666666666667
78, 80, 98.93333333333334
85, 90, 99.66666666666667
95, 99, 99.86666666666666
105, 110, 99.96666666666667
114, 120, 100.0
