desiredholes, actualholes, successrate
0, 0, 0
1, 1, 3.05
4, 4, 11.57
7, 7, 19.95
10, 10, 27.89
13, 13, 35.17
16, 16, 42.25
19, 19, 48.33
22, 22, 53.6
25, 25, 59.13
28, 28, 62.1
31, 31, 67.62
41, 41, 78.7
51, 51, 86.03333333333333
61, 61, 92.76666666666667
71, 71, 95.26666666666667
81, 81, 97.3
91, 91, 98.43333333333334
101, 101, 99.33333333333333
111, 111, 99.16666666666667
121, 121, 99.7
131, 131, 99.93333333333334
141, 141, 100.0
