desiredholes, actualholes, successrate
0, 0, 0
1, 1, 2.95
2, 2, 6.17
3, 4, 12.1
6, 6, 17.58
8, 9, 23.88
11, 12, 32.08
15, 16, 41.91
18, 20, 49.82
24, 25, 58.94
26, 30, 67.07
36, 36, 74.87
37, 42, 81.84
49, 48, 87.9
50, 56, 92.53333333333333
63, 63, 95.5
66, 72, 98.13333333333334
78, 80, 99.36666666666666
85, 90, 99.63333333333334
95, 99, 99.93333333333334
105, 110, 99.96666666666667
114, 120, 100.0
