desiredholes, actualholes, successrate
0, 0, 0
1, 1, 3.31
2, 2, 6.08
3, 4, 11.86
6, 6, 18.21
8, 9, 24.04
11, 12, 32.96
15, 16, 42.66
18, 20, 50.49
24, 25, 61.27
26, 30, 68.37
36, 36, 76.52
37, 42, 82.37
49, 48, 89.1
50, 56, 95.76666666666667
63, 63, 99.76666666666667
66, 72, 99.93333333333334
78, 80, 100.0
