desiredholes, actualholes, successrate
0, 0, 0
1, 1, 3.41
2, 2, 6.07
3, 4, 12.08
6, 6, 18.08
8, 9, 24.56
11, 12, 32.15
15, 16, 40.72
18, 20, 50.15
24, 25, 59.24
26, 30, 67.8
36, 36, 75.47
37, 42, 81.71
49, 48, 88.16666666666667
50, 56, 92.33333333333333
63, 63, 95.73333333333333
66, 72, 97.96666666666667
78, 80, 99.3
85, 90, 99.56666666666666
95, 99, 99.93333333333334
105, 110, 100.0
