desiredholes, actualholes, successrate
0, 0, 0
1, 1, 2.9
2, 2, 6.13
4, 4, 11.79
5, 6, 17.79
9, 12, 32.77
16, 15, 39.67
17, 20, 53.34
24, 24, 59.14
26, 30, 65.13
34, 35, 75.12
39, 42, 74.8
45, 48, 83.9
53, 56, 85.06666666666666
59, 63, 95.0
70, 72, 94.73333333333333
74, 80, 100.0
