desiredholes, actualholes, successrate
0, 0, 0
1, 1, 3.11
2, 2, 6.41
3, 4, 11.51
6, 6, 17.36
8, 9, 24.45
11, 12, 32.06
15, 16, 42.64
18, 20, 52.13
24, 25, 62.98
26, 30, 68.6
36, 36, 79.45
37, 42, 84.43
49, 48, 89.13333333333334
50, 56, 94.13333333333334
63, 63, 96.63333333333334
66, 72, 99.46666666666667
78, 80, 99.96666666666667
85, 90, 100.0
