desiredholes, actualholes, successrate
0, 0, 0
1, 1, 2.9
4, 4, 12.28
7, 7, 20.72
10, 10, 28.99
13, 13, 35.28
16, 16, 43.21
19, 19, 47.83
22, 22, 53.24
25, 25, 58.63
28, 28, 62.41
31, 31, 67.11
41, 41, 78.53333333333333
51, 51, 86.03333333333333
61, 61, 92.2
71, 71, 95.46666666666667
81, 81, 96.76666666666667
91, 91, 98.43333333333334
101, 101, 99.03333333333333
111, 111, 99.63333333333334
121, 121, 99.66666666666667
131, 131, 99.9
141, 141, 99.83333333333333
151, 151, 100.0
