desiredholes, actualholes, successrate
0, 0, 0
1, 1, 2.77
2, 2, 6.66
3, 4, 10.88
6, 6, 17.59
8, 9, 23.44
11, 12, 31.53
15, 16, 41.18
18, 20, 50.68
24, 25, 59.92
26, 30, 67.18
36, 36, 76.75
37, 42, 82.65
49, 48, 86.8
50, 56, 92.33333333333333
63, 63, 95.63333333333334
66, 72, 98.36666666666666
78, 80, 99.26666666666667
85, 90, 99.93333333333334
95, 99, 100.0
