desiredholes, actualholes, successrate
0, 0, 0
1, 1, 1.58
2, 2, 3.09
3, 4, 5.96
6, 6, 8.51
8, 9, 12.71
11, 12, 16.16
15, 16, 21.67
18, 20, 26.14
24, 25, 32.84
26, 30, 39.79
36, 36, 46.32
37, 42, 54.5
49, 48, 60.233333333333334
50, 56, 71.7
63, 63, 79.9
66, 72, 84.36666666666666
78, 80, 92.56666666666666
85, 90, 94.13333333333334
95, 99, 99.83333333333333
105, 110, 99.7
114, 120, 100.0
