desiredholes, actualholes, successrate
0, 0, 0
1, 1, 2.95
4, 4, 12.18
7, 7, 21.15
10, 10, 28.57
13, 13, 35.65
16, 16, 43.28
19, 19, 47.82
22, 22, 53.15
25, 25, 57.82
28, 28, 61.94
31, 31, 66.58
41, 41, 77.66666666666667
51, 51, 87.2
61, 61, 91.5
71, 71, 95.63333333333334
81, 81, 97.1
91, 91, 97.96666666666667
101, 101, 99.1
111, 111, 99.6
121, 121, 99.83333333333333
131, 131, 99.8
141, 141, 99.93333333333334
151, 151, 99.96666666666667
161, 161, 99.86666666666666
171, 171, 100.0
