desiredholes, actualholes, successrate
0, 0, 0
1, 1, 1.63
2, 2, 3.21
3, 4, 5.63
6, 6, 8.49
8, 9, 12.86
11, 12, 16.78
15, 16, 20.94
18, 20, 27.53
24, 25, 33.43
26, 30, 39.0
36, 36, 47.63
37, 42, 53.81
49, 48, 63.03333333333333
50, 56, 68.46666666666667
63, 63, 75.53333333333333
66, 72, 75.36666666666666
78, 80, 83.3
85, 90, 83.3
95, 99, 92.3
105, 110, 93.23333333333333
114, 120, 99.73333333333333
129, 132, 99.66666666666667
135, 143, 100.0
