desiredholes, actualholes, successrate
0, 0, 0
1, 1, 3.04
2, 2, 6.51
4, 4, 10.78
5, 6, 16.01
9, 12, 32.86
16, 15, 41.1
17, 20, 40.64
24, 24, 49.31
26, 30, 48.74
34, 35, 56.32
39, 42, 56.42
45, 48, 63.03333333333333
53, 56, 63.03333333333333
59, 63, 70.3
70, 72, 70.13333333333334
74, 80, 76.43333333333334
89, 90, 75.66666666666667
91, 99, 83.36666666666666
109, 108, 90.53333333333333
110, 120, 91.53333333333333
130, 130, 98.6
134, 143, 98.6
152, 154, 100.0
