desiredholes, actualholes, successrate
0, 0, 0
1, 1, 1.66
2, 2, 2.79
4, 4, 5.77
5, 6, 7.1
9, 12, 14.27
16, 15, 19.3
17, 20, 24.6
24, 24, 29.84
26, 30, 36.05
34, 35, 41.92
39, 42, 51.11
45, 48, 49.5
53, 56, 58.166666666666664
59, 63, 58.266666666666666
70, 72, 66.93333333333334
74, 80, 67.7
89, 90, 74.63333333333334
91, 99, 76.0
109, 108, 75.6
110, 120, 83.6
130, 130, 83.9
134, 143, 92.2
152, 154, 93.03333333333333
160, 168, 99.66666666666667
175, 180, 99.56666666666666
188, 195, 100.0
