desiredholes, actualholes, successrate
0, 0, 0
1, 1, 1.65
2, 2, 3.23
3, 4, 5.7
6, 6, 8.45
8, 9, 12.07
11, 12, 15.58
15, 16, 21.58
18, 20, 26.17
24, 25, 33.17
26, 30, 39.08
36, 36, 46.4
37, 42, 52.85
49, 48, 56.03333333333333
50, 56, 65.93333333333334
63, 63, 65.0
66, 72, 74.5
78, 80, 73.06666666666666
85, 90, 82.9
95, 99, 83.56666666666666
105, 110, 93.8
114, 120, 93.6
129, 132, 99.7
135, 143, 99.8
154, 156, 100.0
