desiredholes, actualholes, successrate
0, 0, 0
1, 1, 1.48
2, 2, 3.01
4, 4, 5.83
5, 6, 7.48
9, 12, 14.61
16, 15, 18.28
17, 20, 24.2
24, 24, 29.0
26, 30, 37.46
34, 35, 41.94
39, 42, 50.71
45, 48, 56.333333333333336
53, 56, 66.06666666666666
59, 63, 64.8
70, 72, 75.13333333333334
74, 80, 74.4
89, 90, 84.93333333333334
91, 99, 84.5
109, 108, 85.1
110, 120, 93.0
130, 130, 93.03333333333333
134, 143, 99.8
152, 154, 99.7
160, 168, 100.0
