desiredholes, actualholes, successrate
0, 0, 0
1, 1, 1.9
2, 2, 3.25
4, 4, 6.24
5, 6, 6.84
9, 12, 13.98
16, 15, 18.24
17, 20, 23.94
24, 24, 30.93
26, 30, 36.52
34, 35, 41.52
39, 42, 50.26
45, 48, 56.86666666666667
53, 56, 65.36666666666666
59, 63, 64.93333333333334
70, 72, 74.6
74, 80, 75.7
89, 90, 84.06666666666666
91, 99, 83.23333333333333
109, 108, 84.8
110, 120, 93.46666666666667
130, 130, 93.36666666666666
134, 143, 99.73333333333333
152, 154, 99.76666666666667
160, 168, 100.0
