desiredholes, actualholes, successrate
0, 0, 0
1, 1, 4.64
2, 2, 4.82
4, 4, 9.87
5, 6, 15.58
9, 12, 28.44
16, 15, 28.28
17, 20, 37.81
24, 24, 37.36
26, 30, 46.9
34, 35, 46.7
39, 42, 55.21
45, 48, 56.6
53, 56, 65.86666666666666
59, 63, 65.1
70, 72, 75.46666666666667
74, 80, 74.53333333333333
89, 90, 84.3
91, 99, 82.96666666666667
109, 108, 85.03333333333333
110, 120, 93.5
130, 130, 93.1
134, 143, 99.73333333333333
152, 154, 99.93333333333334
160, 168, 100.0
