desiredholes, actualholes, successrate
0, 0, 0
1, 1, 3.13
2, 2, 5.8
3, 4, 11.55
6, 6, 15.79
8, 9, 24.48
11, 12, 29.66
15, 16, 39.48
18, 20, 44.94
24, 25, 52.56
26, 30, 57.39
36, 36, 66.42
37, 42, 70.05
49, 48, 74.6
50, 56, 80.93333333333334
63, 63, 84.6
66, 72, 89.56666666666666
78, 80, 90.16666666666667
85, 90, 94.53333333333333
95, 99, 95.93333333333334
105, 110, 98.1
114, 120, 97.7
129, 132, 99.33333333333333
135, 143, 99.4
154, 156, 100.0
