desiredholes, actualholes, successrate
0, 0, 0
1, 1, 4.49
2, 2, 4.84
4, 4, 8.88
5, 6, 15.01
9, 12, 27.73
16, 15, 29.21
17, 20, 37.01
24, 24, 36.68
26, 30, 46.17
34, 35, 47.23
39, 42, 56.43
45, 48, 54.833333333333336
53, 56, 65.36666666666666
59, 63, 66.8
70, 72, 75.7
74, 80, 73.2
89, 90, 83.76666666666667
91, 99, 83.76666666666667
109, 108, 83.8
110, 120, 93.5
130, 130, 93.56666666666666
134, 143, 99.83333333333333
152, 154, 99.9
160, 168, 100.0
