desiredholes, actualholes, successrate
0, 0, 0
1, 1, 3.21
2, 2, 5.32
3, 4, 11.88
6, 6, 16.2
8, 9, 24.16
11, 12, 27.9
15, 16, 36.45
18, 20, 37.48
24, 25, 46.56
26, 30, 46.26
36, 36, 56.56
37, 42, 56.04
49, 48, 55.766666666666666
50, 56, 66.63333333333334
63, 63, 65.43333333333334
66, 72, 74.13333333333334
78, 80, 74.16666666666667
85, 90, 84.5
95, 99, 84.66666666666667
105, 110, 93.43333333333334
114, 120, 92.46666666666667
129, 132, 99.73333333333333
135, 143, 99.83333333333333
154, 156, 100.0
