desiredholes, actualholes, successrate
0, 0, 0
1, 1, 3.27
2, 2, 7.02
3, 4, 11.06
6, 6, 16.56
8, 9, 24.3
11, 12, 31.9
15, 16, 42.0
18, 20, 50.07
24, 25, 60.11
26, 30, 70.39
36, 36, 79.62
37, 42, 87.91
49, 48, 92.4
50, 56, 94.2
63, 63, 97.73333333333333
66, 72, 98.13333333333334
78, 80, 99.06666666666666
85, 90, 99.5
95, 99, 99.73333333333333
105, 110, 99.93333333333334
114, 120, 99.96666666666667
129, 132, 99.93333333333334
135, 143, 100.0
