desiredholes, actualholes, successrate
0, 0, 0
1, 1, 3.74
2, 2, 6.61
3, 4, 11.34
6, 6, 16.94
8, 9, 23.45
11, 12, 31.61
15, 16, 40.43
18, 20, 51.2
24, 25, 60.72
26, 30, 70.58
36, 36, 75.42
37, 42, 84.65
49, 48, 90.3
50, 56, 92.86666666666666
63, 63, 96.53333333333333
66, 72, 96.76666666666667
78, 80, 99.03333333333333
85, 90, 99.0
95, 99, 99.8
105, 110, 99.93333333333334
114, 120, 99.93333333333334
129, 132, 100.0
