desiredholes, actualholes, successrate
0, 0, 0
1, 1, 3.19
2, 2, 6.72
3, 4, 11.27
6, 6, 17.31
8, 9, 23.36
11, 12, 31.2
15, 16, 41.15
18, 20, 49.93
24, 25, 60.5
26, 30, 70.47
36, 36, 76.23
37, 42, 84.8
49, 48, 90.96666666666667
50, 56, 93.0
63, 63, 95.66666666666667
66, 72, 96.66666666666667
78, 80, 98.33333333333333
85, 90, 99.1
95, 99, 99.63333333333334
105, 110, 99.76666666666667
114, 120, 99.93333333333334
129, 132, 100.0
