desiredholes, actualholes, successrate
0, 0, 0
1, 1, 3.01
2, 2, 6.66
3, 4, 10.42
6, 6, 16.88
8, 9, 24.41
11, 12, 32.15
15, 16, 40.44
18, 20, 50.13
24, 25, 58.17
26, 30, 68.09
36, 36, 71.09
37, 42, 79.88
49, 48, 87.0
50, 56, 89.3
63, 63, 94.86666666666666
66, 72, 96.66666666666667
78, 80, 98.13333333333334
85, 90, 98.86666666666666
95, 99, 99.66666666666667
105, 110, 99.73333333333333
114, 120, 99.96666666666667
129, 132, 99.96666666666667
135, 143, 100.0
