desiredholes, actualholes, successrate
0, 0, 0
1, 1, 3.21
2, 2, 5.82
3, 4, 11.31
6, 6, 16.11
8, 9, 24.53
11, 12, 32.0
15, 16, 41.46
18, 20, 41.93
24, 25, 52.77
26, 30, 52.14
36, 36, 63.88
37, 42, 62.46
49, 48, 61.766666666666666
50, 56, 72.63333333333334
63, 63, 73.53333333333333
66, 72, 82.56666666666666
78, 80, 83.96666666666667
85, 90, 93.36666666666666
95, 99, 93.93333333333334
105, 110, 99.8
114, 120, 99.93333333333334
129, 132, 100.0
