desiredholes, actualholes, successrate
0, 0, 0
1, 1, 1.52
2, 2, 2.84
3, 4, 5.24
6, 6, 7.79
8, 9, 12.69
11, 12, 14.9
15, 16, 20.85
18, 20, 24.83
24, 25, 31.87
26, 30, 37.8
36, 36, 46.83
37, 42, 53.24
49, 48, 60.166666666666664
50, 56, 70.56666666666666
63, 63, 72.8
66, 72, 82.23333333333333
78, 80, 82.0
85, 90, 93.3
95, 99, 94.3
105, 110, 99.96666666666667
114, 120, 99.96666666666667
129, 132, 100.0
