desiredholes, actualholes, successrate
0, 0, 0
1, 1, 1.43
2, 2, 3.07
4, 4, 6.11
5, 6, 7.62
9, 12, 14.84
16, 15, 17.48
17, 20, 24.33
24, 24, 28.36
26, 30, 35.52
34, 35, 42.5
39, 42, 51.53
45, 48, 58.13333333333333
53, 56, 65.6
59, 63, 71.96666666666667
70, 72, 82.66666666666667
74, 80, 82.8
89, 90, 94.23333333333333
91, 99, 94.4
109, 108, 93.03333333333333
110, 120, 99.93333333333334
130, 130, 99.93333333333334
134, 143, 100.0
