desiredholes, actualholes, successrate
0, 0, 0
1, 1, 4.23
2, 2, 4.59
4, 4, 9.18
5, 6, 14.92
9, 12, 28.3
16, 15, 31.59
17, 20, 41.99
24, 24, 40.97
26, 30, 52.06
34, 35, 51.8
39, 42, 62.29
45, 48, 63.666666666666664
53, 56, 72.53333333333333
59, 63, 73.4
70, 72, 84.2
74, 80, 82.7
89, 90, 93.76666666666667
91, 99, 93.2
109, 108, 94.53333333333333
110, 120, 99.93333333333334
130, 130, 99.9
134, 143, 100.0
