desiredholes, actualholes, successrate
0, 0, 0
1, 1, 1.3
2, 2, 2.81
4, 4, 6.07
5, 6, 7.6
9, 12, 14.52
16, 15, 18.12
17, 20, 24.05
24, 24, 28.73
26, 30, 35.1
34, 35, 43.48
39, 42, 49.86
45, 48, 58.46666666666667
53, 56, 66.4
59, 63, 73.73333333333333
70, 72, 85.86666666666666
74, 80, 93.0
89, 90, 100.0
