desiredholes, actualholes, successrate
0, 0, 0
1, 1, 1.57
2, 2, 3.1
3, 4, 5.72
6, 6, 8.13
8, 9, 11.95
11, 12, 16.01
15, 16, 20.42
18, 20, 25.25
24, 25, 32.4
26, 30, 38.41
36, 36, 45.83
37, 42, 52.79
49, 48, 60.1
50, 56, 69.96666666666667
63, 63, 79.23333333333333
66, 72, 89.6
78, 80, 92.0
85, 90, 100.0
