desiredholes, actualholes, successrate
0, 0, 0
1, 1, 3.47
2, 2, 6.06
3, 4, 11.76
6, 6, 15.67
8, 9, 23.81
11, 12, 31.01
15, 16, 41.09
18, 20, 47.31
24, 25, 58.85
26, 30, 63.27
36, 36, 72.0
37, 42, 75.19
49, 48, 79.53333333333333
50, 56, 86.8
63, 63, 88.36666666666666
66, 72, 93.86666666666666
78, 80, 95.56666666666666
85, 90, 98.66666666666667
95, 99, 99.1
105, 110, 99.66666666666667
114, 120, 99.66666666666667
129, 132, 99.83333333333333
135, 143, 99.86666666666666
154, 156, 100.0
