desiredholes, actualholes, successrate
0, 0, 0
1, 1, 4.05
2, 2, 5.1
4, 4, 9.72
5, 6, 14.32
9, 12, 29.69
16, 15, 34.77
17, 20, 46.6
24, 24, 46.06
26, 30, 58.11
34, 35, 58.07
39, 42, 69.13
45, 48, 69.13333333333334
53, 56, 81.43333333333334
59, 63, 80.0
70, 72, 92.66666666666667
74, 80, 92.93333333333334
89, 90, 100.0
