desiredholes, actualholes, successrate
0, 0, 0
1, 1, 3.22
2, 2, 5.63
3, 4, 11.23
6, 6, 16.14
8, 9, 23.75
11, 12, 31.12
15, 16, 41.16
18, 20, 47.3
24, 25, 58.73
26, 30, 62.47
36, 36, 71.76
37, 42, 74.64
49, 48, 77.36666666666666
50, 56, 86.56666666666666
63, 63, 89.8
66, 72, 94.73333333333333
78, 80, 96.06666666666666
85, 90, 98.53333333333333
95, 99, 99.06666666666666
105, 110, 99.36666666666666
114, 120, 99.7
129, 132, 99.9
135, 143, 99.9
154, 156, 100.0
