desiredholes, actualholes, successrate
0, 0, 0
1, 1, 2.9
2, 2, 5.69
3, 4, 11.25
6, 6, 15.49
8, 9, 24.37
11, 12, 30.98
15, 16, 41.25
18, 20, 45.89
24, 25, 58.58
26, 30, 58.86
36, 36, 70.14
37, 42, 69.36
49, 48, 68.26666666666667
50, 56, 81.1
63, 63, 82.23333333333333
66, 72, 92.56666666666666
78, 80, 93.23333333333333
85, 90, 100.0
