desiredholes, actualholes, successrate
0, 0, 0
1, 1, 1.29
2, 2, 2.96
3, 4, 5.55
6, 6, 8.15
8, 9, 12.43
11, 12, 15.46
15, 16, 20.55
18, 20, 25.15
24, 25, 31.19
26, 30, 38.39
36, 36, 46.2
37, 42, 53.12
49, 48, 60.666666666666664
50, 56, 70.7
63, 63, 79.36666666666666
66, 72, 87.6
78, 80, 95.53333333333333
85, 90, 96.53333333333333
95, 99, 100.0
