desiredholes, actualholes, successrate
0, 0, 0
1, 1, 1.66
2, 2, 2.77
4, 4, 5.84
5, 6, 8.91
9, 12, 14.82
16, 15, 18.49
17, 20, 23.47
24, 24, 27.72
26, 30, 35.38
34, 35, 41.09
39, 42, 50.85
45, 48, 57.4
53, 56, 66.33333333333333
59, 63, 75.83333333333333
70, 72, 83.93333333333334
74, 80, 91.63333333333334
89, 90, 92.53333333333333
91, 99, 100.0
