desiredholes, actualholes, successrate
0, 0, 0
1, 1, 3.31
2, 2, 5.32
4, 4, 10.27
5, 6, 13.69
9, 12, 30.37
16, 15, 34.62
17, 20, 47.14
24, 24, 52.3
26, 30, 64.73
34, 35, 64.92
39, 42, 77.88
45, 48, 78.46666666666667
53, 56, 91.26666666666667
59, 63, 92.0
70, 72, 99.96666666666667
74, 80, 100.0
