desiredholes, actualholes, successrate
0, 0, 0
1, 1, 3.56
2, 2, 5.45
3, 4, 10.92
6, 6, 16.46
8, 9, 23.44
11, 12, 31.0
15, 16, 40.71
18, 20, 49.53
24, 25, 59.66
26, 30, 65.2
36, 36, 75.69
37, 42, 78.37
49, 48, 80.63333333333334
50, 56, 89.4
63, 63, 90.3
66, 72, 96.2
78, 80, 97.36666666666666
85, 90, 98.73333333333333
95, 99, 99.2
105, 110, 99.76666666666667
114, 120, 99.83333333333333
129, 132, 99.93333333333334
135, 143, 99.93333333333334
154, 156, 100.0
