desiredholes, actualholes, successrate
0, 0, 0
1, 1, 3.38
2, 2, 5.92
3, 4, 11.1
6, 6, 15.79
8, 9, 24.0
11, 12, 31.35
15, 16, 40.99
18, 20, 51.31
24, 25, 63.55
26, 30, 64.49
36, 36, 78.29
37, 42, 77.73
49, 48, 77.33333333333333
50, 56, 90.6
63, 63, 90.53333333333333
66, 72, 99.96666666666667
78, 80, 100.0
