desiredholes, actualholes, successrate
0, 0, 0
1, 1, 3.4
4, 4, 14.18
7, 7, 22.83
10, 10, 30.28
13, 13, 36.56
16, 16, 43.16
19, 19, 48.44
22, 22, 53.07
25, 25, 58.43
28, 28, 61.96
31, 31, 66.98
41, 41, 78.8
51, 51, 85.7
61, 61, 89.43333333333334
71, 71, 92.26666666666667
81, 81, 95.33333333333333
91, 91, 97.2
101, 101, 98.4
111, 111, 99.03333333333333
121, 121, 99.23333333333333
131, 131, 99.3
141, 141, 99.83333333333333
151, 151, 99.63333333333334
161, 161, 99.9
171, 171, 100.0
