desiredholes, actualholes, successrate
0, 0, 0
1, 1, 3.26
2, 2, 6.65
3, 4, 11.94
6, 6, 16.84
8, 9, 24.33
11, 12, 32.37
15, 16, 37.51
18, 20, 45.13
24, 25, 51.29
26, 30, 58.37
36, 36, 64.04
37, 42, 72.72
49, 48, 77.2
50, 56, 81.23333333333333
63, 63, 87.1
66, 72, 89.33333333333333
78, 80, 93.46666666666667
85, 90, 94.1
95, 99, 96.76666666666667
105, 110, 97.2
114, 120, 98.4
129, 132, 98.56666666666666
135, 143, 99.56666666666666
154, 156, 99.73333333333333
157, 168, 99.9
182, 195, 100.0
