desiredholes, actualholes, successrate
0, 0, 0
1, 1, 3.38
2, 2, 7.01
3, 4, 12.07
6, 6, 17.56
8, 9, 23.75
11, 12, 32.66
15, 16, 31.41
18, 20, 40.5
24, 25, 39.65
26, 30, 48.1
36, 36, 47.81
37, 42, 55.79
49, 48, 62.43333333333333
50, 56, 62.9
63, 63, 72.1
66, 72, 72.63333333333334
78, 80, 79.73333333333333
85, 90, 78.0
95, 99, 86.73333333333333
105, 110, 87.73333333333333
114, 120, 95.5
129, 132, 95.86666666666666
135, 143, 99.86666666666666
154, 156, 99.76666666666667
157, 168, 100.0
