desiredholes, actualholes, successrate
0, 0, 0
1, 1, 1.39
2, 2, 2.8
4, 4, 5.93
5, 6, 8.64
9, 12, 15.02
16, 15, 18.47
17, 20, 23.67
24, 24, 27.88
26, 30, 35.41
34, 35, 41.33
39, 42, 50.16
45, 48, 56.8
53, 56, 66.7
59, 63, 76.86666666666666
70, 72, 78.4
74, 80, 85.5
89, 90, 87.53333333333333
91, 99, 92.66666666666667
109, 108, 98.8
110, 120, 98.9
130, 130, 100.0
