desiredholes, actualholes, successrate
0, 0, 0
1, 1, 1.38
2, 2, 2.6
3, 4, 5.46
6, 6, 8.51
8, 9, 12.33
11, 12, 15.31
15, 16, 21.35
18, 20, 25.46
24, 25, 31.73
26, 30, 38.13
36, 36, 46.59
37, 42, 52.73
49, 48, 61.766666666666666
50, 56, 69.93333333333334
63, 63, 78.1
66, 72, 81.4
78, 80, 88.13333333333334
85, 90, 90.0
95, 99, 95.73333333333333
105, 110, 97.0
114, 120, 100.0
