desiredholes, actualholes, successrate
0, 0, 0
1, 1, 3.36
2, 2, 5.62
3, 4, 10.98
6, 6, 16.14
8, 9, 24.22
11, 12, 30.61
15, 16, 41.8
18, 20, 49.42
24, 25, 60.7
26, 30, 68.25
36, 36, 79.8
37, 42, 82.66
49, 48, 84.86666666666666
50, 56, 93.0
63, 63, 93.66666666666667
66, 72, 97.13333333333334
78, 80, 98.06666666666666
85, 90, 99.06666666666666
95, 99, 99.56666666666666
105, 110, 99.86666666666666
114, 120, 99.9
129, 132, 99.96666666666667
135, 143, 100.0
