desiredholes, actualholes, successrate
0, 0, 0
1, 1, 3.52
2, 2, 5.66
3, 4, 11.59
6, 6, 15.76
8, 9, 23.38
11, 12, 31.08
15, 16, 40.93
18, 20, 50.7
24, 25, 60.91
26, 30, 69.61
36, 36, 78.84
37, 42, 82.85
49, 48, 84.93333333333334
50, 56, 92.93333333333334
63, 63, 94.06666666666666
66, 72, 96.76666666666667
78, 80, 97.9
85, 90, 99.33333333333333
95, 99, 99.6
105, 110, 99.73333333333333
114, 120, 99.96666666666667
129, 132, 99.96666666666667
135, 143, 100.0
