desiredholes, actualholes, successrate
0, 0, 0
1, 1, 3.21
2, 2, 5.65
4, 4, 11.07
5, 6, 13.2
9, 12, 28.57
16, 15, 36.94
17, 20, 47.47
24, 24, 56.62
26, 30, 71.06
34, 35, 73.13
39, 42, 87.31
45, 48, 87.13333333333334
53, 56, 99.76666666666667
59, 63, 99.8
70, 72, 100.0
