desiredholes, actualholes, successrate
0, 0, 0
1, 1, 1.41
2, 2, 2.97
3, 4, 5.54
6, 6, 7.97
8, 9, 12.22
11, 12, 16.0
15, 16, 20.77
18, 20, 25.91
24, 25, 32.05
26, 30, 38.63
36, 36, 46.16
37, 42, 52.57
49, 48, 59.666666666666664
50, 56, 65.9
63, 63, 72.1
66, 72, 76.73333333333333
78, 80, 82.5
85, 90, 86.86666666666666
95, 99, 90.8
105, 110, 92.93333333333334
114, 120, 96.46666666666667
129, 132, 97.53333333333333
135, 143, 99.7
154, 156, 99.8
157, 168, 100.0
