desiredholes, actualholes, successrate
0, 0, 0
1, 1, 1.26
2, 2, 2.83
3, 4, 5.43
6, 6, 8.93
8, 9, 12.53
11, 12, 15.91
15, 16, 20.45
18, 20, 25.57
24, 25, 31.61
26, 30, 36.64
36, 36, 45.94
37, 42, 51.93
49, 48, 56.333333333333336
50, 56, 63.3
63, 63, 68.16666666666667
66, 72, 75.1
78, 80, 81.06666666666666
85, 90, 84.33333333333333
95, 99, 88.86666666666666
105, 110, 92.5
114, 120, 95.3
129, 132, 96.73333333333333
135, 143, 98.6
154, 156, 99.1
157, 168, 99.66666666666667
182, 195, 100.0
