desiredholes, actualholes, successrate
0, 0, 0
1, 1, 1.28
2, 2, 2.97
4, 4, 5.5
5, 6, 8.24
9, 12, 16.02
16, 15, 17.95
17, 20, 24.41
24, 24, 28.63
26, 30, 36.5
34, 35, 41.95
39, 42, 49.57
45, 48, 57.833333333333336
53, 56, 64.76666666666667
59, 63, 67.96666666666667
70, 72, 76.36666666666666
74, 80, 82.03333333333333
89, 90, 83.76666666666667
91, 99, 90.0
109, 108, 93.0
110, 120, 94.96666666666667
130, 130, 98.16666666666667
134, 143, 98.73333333333333
152, 154, 100.0
