desiredholes, actualholes, successrate
0, 0, 0
1, 1, 1.5
2, 2, 2.51
4, 4, 5.4
5, 6, 7.48
9, 12, 15.37
16, 15, 18.26
17, 20, 24.07
24, 24, 28.91
26, 30, 35.43
34, 35, 41.75
39, 42, 49.96
45, 48, 57.233333333333334
53, 56, 66.1
59, 63, 71.53333333333333
70, 72, 75.66666666666667
74, 80, 80.73333333333333
89, 90, 85.36666666666666
91, 99, 88.73333333333333
109, 108, 92.83333333333333
110, 120, 95.0
130, 130, 97.3
134, 143, 98.86666666666666
152, 154, 100.0
