desiredholes, actualholes, successrate
0, 0, 0
1, 1, 3.33
4, 4, 13.36
7, 7, 21.47
10, 10, 28.32
13, 13, 35.31
16, 16, 41.64
19, 19, 48.86
22, 22, 52.18
25, 25, 58.89
28, 28, 62.65
31, 31, 67.41
41, 41, 78.13333333333334
51, 51, 86.73333333333333
61, 61, 89.46666666666667
71, 71, 94.43333333333334
81, 81, 96.6
91, 91, 98.2
101, 101, 98.9
111, 111, 99.2
121, 121, 99.5
131, 131, 99.66666666666667
141, 141, 99.93333333333334
151, 151, 99.93333333333334
161, 161, 99.93333333333334
171, 171, 100.0
