desiredholes, actualholes, successrate
0, 0, 0
1, 1, 3.28
2, 2, 5.61
3, 4, 11.52
6, 6, 16.58
8, 9, 23.7
11, 12, 30.91
15, 16, 40.75
18, 20, 48.92
24, 25, 60.82
26, 30, 70.28
36, 36, 80.82
37, 42, 86.43
49, 48, 88.63333333333334
50, 56, 94.56666666666666
63, 63, 95.66666666666667
66, 72, 98.53333333333333
78, 80, 98.56666666666666
85, 90, 99.53333333333333
95, 99, 99.56666666666666
105, 110, 99.96666666666667
114, 120, 99.96666666666667
129, 132, 100.0
