desiredholes, actualholes, successrate
0, 0, 0
1, 1, 1.21
2, 2, 2.69
4, 4, 5.07
5, 6, 8.08
9, 12, 16.21
16, 15, 18.65
17, 20, 24.74
24, 24, 28.78
26, 30, 35.74
34, 35, 42.4
39, 42, 49.96
45, 48, 57.4
53, 56, 64.5
59, 63, 68.73333333333333
70, 72, 77.1
74, 80, 80.86666666666666
89, 90, 86.16666666666667
91, 99, 89.43333333333334
109, 108, 92.03333333333333
110, 120, 95.2
130, 130, 96.0
134, 143, 98.96666666666667
152, 154, 99.43333333333334
160, 168, 100.0
