desiredholes, actualholes, successrate
0, 0, 0
1, 1, 1.36
2, 2, 2.61
3, 4, 5.65
6, 6, 8.22
8, 9, 11.97
11, 12, 16.17
15, 16, 20.49
18, 20, 25.2
24, 25, 32.96
26, 30, 38.28
36, 36, 44.41
37, 42, 51.97
49, 48, 59.56666666666667
50, 56, 64.83333333333333
63, 63, 69.26666666666667
66, 72, 74.93333333333334
78, 80, 79.7
85, 90, 85.3
95, 99, 89.13333333333334
105, 110, 94.63333333333334
114, 120, 95.63333333333334
129, 132, 98.9
135, 143, 99.3
154, 156, 100.0
