desiredholes, actualholes, successrate
0, 0, 0
1, 1, 2.95
4, 4, 12.33
7, 7, 21.08
10, 10, 29.4
13, 13, 34.53
16, 16, 41.36
19, 19, 48.28
22, 22, 53.77
25, 25, 58.78
28, 28, 63.35
31, 31, 66.68
41, 41, 78.86666666666666
51, 51, 87.23333333333333
61, 61, 90.96666666666667
71, 71, 95.3
81, 81, 96.36666666666666
91, 91, 98.23333333333333
101, 101, 99.23333333333333
111, 111, 99.3
121, 121, 99.73333333333333
131, 131, 99.8
141, 141, 99.93333333333334
151, 151, 100.0
