desiredholes, actualholes, successrate
0, 0, 0
1, 1, 3.16
2, 2, 5.93
3, 4, 11.29
6, 6, 16.19
8, 9, 24.62
11, 12, 31.11
15, 16, 41.37
18, 20, 48.64
24, 25, 59.47
26, 30, 70.63
36, 36, 78.59
37, 42, 87.28
49, 48, 91.93333333333334
50, 56, 96.1
63, 63, 96.8
66, 72, 98.66666666666667
78, 80, 98.9
85, 90, 99.8
95, 99, 99.73333333333333
105, 110, 99.93333333333334
114, 120, 99.93333333333334
129, 132, 100.0
