desiredholes, actualholes, successrate
0, 0, 0
1, 1, 3.08
4, 4, 12.63
7, 7, 20.75
10, 10, 27.68
13, 13, 35.3
16, 16, 41.88
19, 19, 47.92
22, 22, 53.61
25, 25, 58.47
28, 28, 64.15
31, 31, 67.26
41, 41, 76.96666666666667
51, 51, 87.3
61, 61, 90.46666666666667
71, 71, 94.96666666666667
81, 81, 97.03333333333333
91, 91, 98.3
101, 101, 99.1
111, 111, 99.46666666666667
121, 121, 99.56666666666666
131, 131, 99.76666666666667
141, 141, 99.93333333333334
151, 151, 100.0
