desiredholes, actualholes, successrate
0, 0, 0
1, 1, 3.02
2, 2, 5.63
3, 4, 11.73
6, 6, 16.13
8, 9, 23.59
11, 12, 32.73
15, 16, 41.05
18, 20, 49.29
24, 25, 60.31
26, 30, 70.04
36, 36, 79.03
37, 42, 87.12
49, 48, 92.46666666666667
50, 56, 96.6
63, 63, 96.9
66, 72, 99.06666666666666
78, 80, 98.9
85, 90, 99.76666666666667
95, 99, 99.83333333333333
105, 110, 99.96666666666667
114, 120, 99.96666666666667
129, 132, 100.0
