desiredholes, actualholes, successrate
0, 0, 0
1, 1, 1.29
2, 2, 2.56
4, 4, 5.19
5, 6, 7.98
9, 12, 16.85
16, 15, 20.33
17, 20, 26.33
24, 24, 30.11
26, 30, 36.58
34, 35, 42.12
39, 42, 50.95
45, 48, 56.06666666666667
53, 56, 65.66666666666667
59, 63, 71.33333333333333
70, 72, 79.86666666666666
74, 80, 83.1
89, 90, 90.53333333333333
91, 99, 92.13333333333334
109, 108, 93.83333333333333
110, 120, 98.96666666666667
130, 130, 99.36666666666666
134, 143, 100.0
