desiredholes, actualholes, successrate
0, 0, 0
1, 1, 1.32
2, 2, 2.61
3, 4, 5.39
6, 6, 7.63
8, 9, 12.62
11, 12, 16.12
15, 16, 21.52
18, 20, 25.71
24, 25, 33.04
26, 30, 38.55
36, 36, 44.2
37, 42, 50.68
49, 48, 58.766666666666666
50, 56, 66.13333333333334
63, 63, 68.3
66, 72, 76.56666666666666
78, 80, 80.96666666666667
85, 90, 86.13333333333334
95, 99, 89.56666666666666
105, 110, 95.96666666666667
114, 120, 98.53333333333333
129, 132, 99.06666666666666
135, 143, 100.0
