desiredholes, actualholes, successrate
0, 0, 0
1, 1, 1.15
2, 2, 2.74
3, 4, 5.22
6, 6, 8.11
8, 9, 11.89
11, 12, 16.14
15, 16, 21.91
18, 20, 26.1
24, 25, 32.54
26, 30, 38.54
36, 36, 43.62
37, 42, 50.38
49, 48, 58.03333333333333
50, 56, 64.03333333333333
63, 63, 70.16666666666667
66, 72, 76.76666666666667
78, 80, 79.16666666666667
85, 90, 87.76666666666667
95, 99, 90.06666666666666
105, 110, 95.3
114, 120, 98.5
129, 132, 99.0
135, 143, 100.0
