desiredholes, actualholes, successrate
0, 0, 0
1, 1, 3.01
4, 4, 12.21
7, 7, 20.76
10, 10, 29.47
13, 13, 35.6
16, 16, 42.38
19, 19, 48.9
22, 22, 53.87
25, 25, 58.88
28, 28, 63.39
31, 31, 67.09
41, 41, 79.6
51, 51, 86.43333333333334
61, 61, 91.66666666666667
71, 71, 94.56666666666666
81, 81, 96.7
91, 91, 98.1
101, 101, 99.6
111, 111, 99.53333333333333
121, 121, 99.8
131, 131, 99.93333333333334
141, 141, 99.96666666666667
151, 151, 100.0
