desiredholes, actualholes, successrate
0, 0, 0
1, 1, 3.13
2, 2, 5.85
3, 4, 11.29
6, 6, 16.47
8, 9, 24.04
11, 12, 32.13
15, 16, 41.82
18, 20, 51.48
24, 25, 63.87
26, 30, 74.78
36, 36, 79.53
37, 42, 88.68
49, 48, 97.66666666666667
50, 56, 98.16666666666667
63, 63, 100.0
