desiredholes, actualholes, successrate
0, 0, 0
1, 1, 3.07
2, 2, 6.1
3, 4, 11.73
6, 6, 16.45
8, 9, 24.13
11, 12, 30.7
15, 16, 41.19
18, 20, 50.31
24, 25, 60.3
26, 30, 69.71
36, 36, 77.01
37, 42, 84.92
49, 48, 91.53333333333333
50, 56, 95.46666666666667
63, 63, 97.96666666666667
66, 72, 99.13333333333334
78, 80, 99.63333333333334
85, 90, 100.0
