desiredholes, actualholes, successrate
0, 0, 0
1, 1, 3.21
2, 2, 6.06
3, 4, 11.65
6, 6, 16.15
8, 9, 23.9
11, 12, 31.62
15, 16, 40.85
18, 20, 49.18
24, 25, 60.75
26, 30, 68.92
36, 36, 76.32
37, 42, 85.25
49, 48, 92.86666666666666
50, 56, 95.56666666666666
63, 63, 98.16666666666667
66, 72, 99.1
78, 80, 99.63333333333334
85, 90, 99.96666666666667
95, 99, 99.93333333333334
105, 110, 100.0
