field size, hexlike, staggerXY, randomisedStaggerXY8
100, 2.152871452151256, 10.445444372732437, 12.499553478987309
150, 2.2324986679656638, 10.259229026597879, 11.729518038781205
200, 2.304108042751439, 10.245990770970216, 11.914032161196571
