site area, hexlike, staggerXY, randomisedStaggerXY8
20, 2.4744051619546137, 12.361469851778605, 14.84051182038207
100, 2.1487712659168094, 10.59731120039771, 13.039211860915541
200, 2.0493828519723145, 10.297515941813383, 11.775262120593853
