field size, hexlike, staggerXY, randomisedStaggerXY8
100, 6.881181711610051, 7.423028292520579, 8.040445258276273
150, 7.105326998439453, 7.430315931302704, 7.9498218129468885
200, 7.068536440228785, 7.339019827062552, 7.876216216200114
