site area, hexlike, staggerXY, randomisedStaggerXY8
20, 8.194365523174152, 8.46839513491599, 9.501368896705484
100, 6.877477299096491, 7.411200319659194, 8.191306863325291
200, 6.418279919475801, 6.972669690849626, 7.597320822092174
